order_date,customer_id,category,order_value,quantity,month
2024-01-01 00:00:00.000000000,103,Electronics,420.68,3,2024-01
2024-01-01 08:46:07.567567567,180,Beauty,472.86,2,2024-01
2024-01-01 17:32:15.135135135,93,Home Decor,344.79,1,2024-01
2024-01-02 02:18:22.702702702,15,Fashion,253.62,5,2024-01
2024-01-02 11:04:30.270270270,107,Electronics,312.75,4,2024-01
2024-01-02 19:50:37.837837837,72,Accessories,435.76,5,2024-01
2024-01-03 04:36:45.405405405,189,Beauty,289.6,4,2024-01
2024-01-03 13:22:52.972972972,21,Fashion,24.89,3,2024-01
2024-01-03 22:09:00.540540540,103,Fashion,466.16,4,2024-01
2024-01-04 06:55:08.108108108,122,Home Decor,347.87,3,2024-01
2024-01-04 15:41:15.675675675,75,Home Decor,341.49,1,2024-01
2024-01-05 00:27:23.243243243,88,Accessories,115.68,4,2024-01
2024-01-05 09:13:30.810810810,117,Accessories,332.85,5,2024-01
2024-01-05 17:59:38.378378378,100,Electronics,202.99,3,2024-01
2024-01-06 02:45:45.945945945,104,Electronics,329.1,5,2024-01
2024-01-06 11:31:53.513513513,152,Accessories,62.23,2,2024-01
2024-01-06 20:18:01.081081081,131,Accessories,332.34,3,2024-01
2024-01-07 05:04:08.648648648,150,Beauty,499.71,4,2024-01
2024-01-07 13:50:16.216216216,53,Home Decor,33.62,3,2024-01
2024-01-07 22:36:23.783783783,2,Electronics,488.82,5,2024-01
2024-01-08 07:22:31.351351351,88,Home Decor,209.38,1,2024-01
2024-01-08 16:08:38.918918918,158,Home Decor,436.67,3,2024-01
2024-01-09 00:54:46.486486486,38,Accessories,393.37,4,2024-01
2024-01-09 09:40:54.054054054,130,Beauty,287.84,2,2024-01
2024-01-09 18:27:01.621621621,192,Fashion,371.84,1,2024-01
2024-01-10 03:13:09.189189189,188,Beauty,440.47,2,2024-01
2024-01-10 11:59:16.756756756,21,Beauty,208.03,3,2024-01
2024-01-10 20:45:24.324324324,161,Home Decor,170.25,5,2024-01
2024-01-11 05:31:31.891891891,58,Beauty,337.12,5,2024-01
2024-01-11 14:17:39.459459459,22,Electronics,405.84,4,2024-01
2024-01-11 23:03:47.027027027,89,Home Decor,383.52,5,2024-01
2024-01-12 07:49:54.594594594,49,Electronics,400.93,1,2024-01
2024-01-12 16:36:02.162162162,59,Fashion,223.44,5,2024-01
2024-01-13 01:22:09.729729729,170,Home Decor,410.74,4,2024-01
2024-01-13 10:08:17.297297297,188,Fashion,68.9,3,2024-01
2024-01-13 18:54:24.864864864,15,Home Decor,276.8,3,2024-01
2024-01-14 03:40:32.432432432,190,Accessories,12.82,5,2024-01
2024-01-14 12:26:40.000000000,190,Beauty,169.05,2,2024-01
2024-01-14 21:12:47.567567567,175,Accessories,189.57,3,2024-01
2024-01-15 05:58:55.135135135,190,Fashion,204.12,5,2024-01
2024-01-15 14:45:02.702702702,51,Beauty,350.78,4,2024-01
2024-01-15 23:31:10.270270270,108,Home Decor,200.39,5,2024-01
2024-01-16 08:17:17.837837837,55,Beauty,229.86,3,2024-01
2024-01-16 17:03:25.405405405,64,Electronics,126.4,4,2024-01
2024-01-17 01:49:32.972972973,131,Beauty,192.89,5,2024-01
2024-01-17 10:35:40.540540540,51,Electronics,121.36,1,2024-01
2024-01-17 19:21:48.108108108,135,Beauty,45.87,4,2024-01
2024-01-18 04:07:55.675675675,21,Electronics,305.69,1,2024-01
2024-01-18 12:54:03.243243243,73,Fashion,337.42,2,2024-01
2024-01-18 21:40:10.810810810,167,Accessories,313.55,4,2024-01
2024-01-19 06:26:18.378378378,18,Home Decor,237.11,1,2024-01
2024-01-19 15:12:25.945945946,132,Beauty,196.1,3,2024-01
2024-01-19 23:58:33.513513513,89,Accessories,433.03,3,2024-01
2024-01-20 08:44:41.081081081,60,Home Decor,264.35,2,2024-01
2024-01-20 17:30:48.648648648,14,Home Decor,244.8,4,2024-01
2024-01-21 02:16:56.216216216,9,Electronics,22.56,4,2024-01
2024-01-21 11:03:03.783783783,90,Fashion,177.21,4,2024-01
2024-01-21 19:49:11.351351351,53,Fashion,196.3,2,2024-01
2024-01-22 04:35:18.918918918,130,Accessories,205.42,4,2024-01
2024-01-22 13:21:26.486486486,84,Fashion,294.28,3,2024-01
2024-01-22 22:07:34.054054054,92,Beauty,271.47,1,2024-01
2024-01-23 06:53:41.621621621,111,Fashion,307.87,3,2024-01
2024-01-23 15:39:49.189189189,188,Accessories,384.79,3,2024-01
2024-01-24 00:25:56.756756756,199,Fashion,408.36,1,2024-01
2024-01-24 09:12:04.324324324,172,Beauty,361.88,3,2024-01
2024-01-24 17:58:11.891891891,8,Electronics,478.21,2,2024-01
2024-01-25 02:44:19.459459459,175,Accessories,18.93,1,2024-01
2024-01-25 11:30:27.027027027,35,Electronics,105.93,3,2024-01
2024-01-25 20:16:34.594594594,81,Electronics,13.71,5,2024-01
2024-01-26 05:02:42.162162162,164,Electronics,327.26,3,2024-01
2024-01-26 13:48:49.729729729,50,Home Decor,450.03,2,2024-01
2024-01-26 22:34:57.297297297,104,Home Decor,129.31,4,2024-01
2024-01-27 07:21:04.864864865,132,Electronics,464.25,3,2024-01
2024-01-27 16:07:12.432432432,2,Accessories,39.53,4,2024-01
2024-01-28 00:53:20.000000000,134,Beauty,467.87,5,2024-01
2024-01-28 09:39:27.567567567,54,Beauty,182.3,3,2024-01
2024-01-28 18:25:35.135135135,106,Fashion,59.7,1,2024-01
2024-01-29 03:11:42.702702702,4,Accessories,248.08,4,2024-01
2024-01-29 11:57:50.270270270,54,Home Decor,135.82,5,2024-01
2024-01-29 20:43:57.837837837,191,Electronics,149.59,1,2024-01
2024-01-30 05:30:05.405405405,146,Fashion,160.57,1,2024-01
2024-01-30 14:16:12.972972973,44,Beauty,403.48,1,2024-01
2024-01-30 23:02:20.540540540,162,Home Decor,274.19,1,2024-01
2024-01-31 07:48:28.108108108,190,Home Decor,162.54,3,2024-01
2024-01-31 16:34:35.675675675,14,Electronics,309.06,3,2024-01
2024-02-01 01:20:43.243243243,95,Beauty,360.91,3,2024-02
2024-02-01 10:06:50.810810810,48,Accessories,143.59,5,2024-02
2024-02-01 18:52:58.378378378,15,Home Decor,212.64,5,2024-02
2024-02-02 03:39:05.945945946,200,Electronics,69.72,5,2024-02
2024-02-02 12:25:13.513513513,190,Accessories,98.76,2,2024-02
2024-02-02 21:11:21.081081081,40,Beauty,343.75,5,2024-02
2024-02-03 05:57:28.648648648,82,Home Decor,98.9,3,2024-02
2024-02-03 14:43:36.216216216,111,Accessories,267.33,3,2024-02
2024-02-03 23:29:43.783783783,53,Accessories,357.43,2,2024-02
2024-02-04 08:15:51.351351351,24,Accessories,62.37,2,2024-02
2024-02-04 17:01:58.918918919,154,Home Decor,287.98,5,2024-02
2024-02-05 01:48:06.486486486,188,Home Decor,135.72,4,2024-02
2024-02-05 10:34:14.054054054,124,Fashion,481.83,2,2024-02
2024-02-05 19:20:21.621621621,41,Beauty,246.94,1,2024-02
2024-02-06 04:06:29.189189189,157,Electronics,404.94,3,2024-02
2024-02-06 12:52:36.756756756,15,Accessories,279.61,1,2024-02
2024-02-06 21:38:44.324324324,45,Fashion,31.27,3,2024-02
2024-02-07 06:24:51.891891892,65,Electronics,320.24,3,2024-02
2024-02-07 15:10:59.459459459,89,Fashion,476.19,2,2024-02
2024-02-07 23:57:07.027027027,71,Home Decor,304.79,2,2024-02
2024-02-08 08:43:14.594594594,9,Accessories,411.4,1,2024-02
2024-02-08 17:29:22.162162162,88,Electronics,443.26,3,2024-02
2024-02-09 02:15:29.729729729,129,Electronics,121.76,1,2024-02
2024-02-09 11:01:37.297297297,136,Electronics,113.9,4,2024-02
2024-02-09 19:47:44.864864864,63,Electronics,309.38,1,2024-02
2024-02-10 04:33:52.432432432,139,Electronics,211.4,5,2024-02
2024-02-10 13:20:00.000000000,81,Fashion,421.53,1,2024-02
2024-02-10 22:06:07.567567567,136,Accessories,451.01,5,2024-02
2024-02-11 06:52:15.135135135,163,Home Decor,183.18,5,2024-02
2024-02-11 15:38:22.702702702,163,Home Decor,126.07,5,2024-02
2024-02-12 00:24:30.270270270,33,Home Decor,392.46,4,2024-02
2024-02-12 09:10:37.837837837,123,Home Decor,144.65,1,2024-02
2024-02-12 17:56:45.405405405,5,Fashion,413.08,1,2024-02
2024-02-13 02:42:52.972972973,41,Beauty,217.63,4,2024-02
2024-02-13 11:29:00.540540540,28,Accessories,337.1,3,2024-02
2024-02-13 20:15:08.108108108,135,Electronics,56.81,2,2024-02
2024-02-14 05:01:15.675675675,72,Beauty,315.69,1,2024-02
2024-02-14 13:47:23.243243243,12,Home Decor,231.37,2,2024-02
2024-02-14 22:33:30.810810810,162,Beauty,297.44,4,2024-02
2024-02-15 07:19:38.378378378,33,Accessories,92.33,3,2024-02
2024-02-15 16:05:45.945945946,48,Electronics,371.07,3,2024-02
2024-02-16 00:51:53.513513513,151,Electronics,432.77,3,2024-02
2024-02-16 09:38:01.081081081,62,Accessories,116.2,4,2024-02
2024-02-16 18:24:08.648648648,37,Accessories,56.9,5,2024-02
2024-02-17 03:10:16.216216216,99,Home Decor,21.58,5,2024-02
2024-02-17 11:56:23.783783783,172,Electronics,324.57,2,2024-02
2024-02-17 20:42:31.351351351,104,Beauty,307.48,5,2024-02
2024-02-18 05:28:38.918918919,35,Fashion,277.88,5,2024-02
2024-02-18 14:14:46.486486486,193,Fashion,123.65,3,2024-02
2024-02-18 23:00:54.054054054,101,Accessories,201.54,3,2024-02
2024-02-19 07:47:01.621621621,175,Home Decor,301.29,2,2024-02
2024-02-19 16:33:09.189189189,131,Fashion,253.42,1,2024-02
2024-02-20 01:19:16.756756756,1,Electronics,494.01,2,2024-02
2024-02-20 10:05:24.324324324,5,Accessories,76.86,2,2024-02
2024-02-20 18:51:31.891891891,142,Beauty,350.62,4,2024-02
2024-02-21 03:37:39.459459459,103,Accessories,208.12,4,2024-02
2024-02-21 12:23:47.027027027,27,Beauty,219.82,2,2024-02
2024-02-21 21:09:54.594594594,137,Accessories,361.62,2,2024-02
2024-02-22 05:56:02.162162162,15,Accessories,349.29,2,2024-02
2024-02-22 14:42:09.729729730,90,Accessories,495.72,5,2024-02
2024-02-22 23:28:17.297297297,42,Beauty,72.91,4,2024-02
2024-02-23 08:14:24.864864865,124,Beauty,61.01,2,2024-02
2024-02-23 17:00:32.432432432,179,Accessories,364.93,3,2024-02
2024-02-24 01:46:40.000000000,63,Fashion,293.41,3,2024-02
2024-02-24 10:32:47.567567567,96,Home Decor,144.34,5,2024-02
2024-02-24 19:18:55.135135135,52,Home Decor,48.92,5,2024-02
2024-02-25 04:05:02.702702703,96,Home Decor,51.97,1,2024-02
2024-02-25 12:51:10.270270270,132,Beauty,448.15,1,2024-02
2024-02-25 21:37:17.837837838,151,Beauty,104.01,1,2024-02
2024-02-26 06:23:25.405405405,143,Fashion,168.45,5,2024-02
2024-02-26 15:09:32.972972973,171,Home Decor,121.06,5,2024-02
2024-02-26 23:55:40.540540540,29,Home Decor,183.95,5,2024-02
2024-02-27 08:41:48.108108108,36,Accessories,44.02,3,2024-02
2024-02-27 17:27:55.675675675,13,Beauty,264.34,5,2024-02
2024-02-28 02:14:03.243243243,160,Home Decor,43.13,3,2024-02
2024-02-28 11:00:10.810810811,71,Fashion,402.17,1,2024-02
2024-02-28 19:46:18.378378378,187,Fashion,124.52,1,2024-02
2024-02-29 04:32:25.945945946,86,Home Decor,274.61,1,2024-02
2024-02-29 13:18:33.513513513,28,Beauty,441.24,2,2024-02
2024-02-29 22:04:41.081081081,66,Fashion,328.93,2,2024-02
2024-03-01 06:50:48.648648648,170,Accessories,271.15,4,2024-03
2024-03-01 15:36:56.216216216,45,Fashion,168.92,4,2024-03
2024-03-02 00:23:03.783783784,62,Electronics,173.17,4,2024-03
2024-03-02 09:09:11.351351351,185,Electronics,338.05,2,2024-03
2024-03-02 17:55:18.918918919,134,Beauty,497.13,2,2024-03
2024-03-03 02:41:26.486486486,28,Home Decor,334.3,4,2024-03
2024-03-03 11:27:34.054054054,28,Beauty,283.31,4,2024-03
2024-03-03 20:13:41.621621621,108,Beauty,368.02,5,2024-03
2024-03-04 04:59:49.189189189,44,Beauty,237.95,4,2024-03
2024-03-04 13:45:56.756756757,84,Beauty,39.47,5,2024-03
2024-03-04 22:32:04.324324324,30,Accessories,285.53,3,2024-03
2024-03-05 07:18:11.891891892,190,Accessories,479.24,2,2024-03
2024-03-05 16:04:19.459459459,75,Fashion,95.9,4,2024-03
2024-03-06 00:50:27.027027027,128,Electronics,348.1,2,2024-03
2024-03-06 09:36:34.594594594,92,Beauty,108.46,2,2024-03
2024-03-06 18:22:42.162162162,190,Fashion,272.56,2,2024-03
2024-03-07 03:08:49.729729730,129,Electronics,57.37,3,2024-03
2024-03-07 11:54:57.297297297,121,Home Decor,230.68,1,2024-03
2024-03-07 20:41:04.864864865,27,Accessories,380.52,4,2024-03
2024-03-08 05:27:12.432432432,190,Electronics,180.31,1,2024-03
2024-03-08 14:13:20.000000000,121,Home Decor,335.81,1,2024-03
2024-03-08 22:59:27.567567567,116,Electronics,399.77,1,2024-03
2024-03-09 07:45:35.135135135,3,Accessories,464.32,2,2024-03
2024-03-09 16:31:42.702702702,103,Accessories,124.97,5,2024-03
2024-03-10 01:17:50.270270270,198,Fashion,205.66,2,2024-03
2024-03-10 10:03:57.837837838,200,Beauty,84.68,2,2024-03
2024-03-10 18:50:05.405405405,155,Electronics,496.32,1,2024-03
2024-03-11 03:36:12.972972973,137,Electronics,464.23,2,2024-03
2024-03-11 12:22:20.540540540,62,Home Decor,274.58,1,2024-03
2024-03-11 21:08:28.108108108,165,Accessories,422.6,5,2024-03
2024-03-12 05:54:35.675675675,51,Electronics,265.27,4,2024-03
2024-03-12 14:40:43.243243243,172,Accessories,315.56,1,2024-03
2024-03-12 23:26:50.810810811,152,Electronics,53.67,5,2024-03
2024-03-13 08:12:58.378378378,59,Fashion,380.08,4,2024-03
2024-03-13 16:59:05.945945946,118,Beauty,72.58,3,2024-03
2024-03-14 01:45:13.513513513,160,Electronics,414.77,1,2024-03
2024-03-14 10:31:21.081081081,96,Accessories,393.19,1,2024-03
2024-03-14 19:17:28.648648648,180,Fashion,357.28,3,2024-03
2024-03-15 04:03:36.216216216,113,Electronics,27.72,3,2024-03
2024-03-15 12:49:43.783783784,62,Home Decor,158.53,1,2024-03
2024-03-15 21:35:51.351351351,186,Beauty,138.93,3,2024-03
2024-03-16 06:21:58.918918919,52,Electronics,186.47,2,2024-03
2024-03-16 15:08:06.486486486,12,Fashion,52.94,4,2024-03
2024-03-16 23:54:14.054054054,39,Home Decor,469.11,4,2024-03
2024-03-17 08:40:21.621621621,130,Fashion,281.36,4,2024-03
2024-03-17 17:26:29.189189189,131,Fashion,159.71,2,2024-03
2024-03-18 02:12:36.756756757,113,Home Decor,204.52,3,2024-03
2024-03-18 10:58:44.324324324,101,Fashion,229.13,5,2024-03
2024-03-18 19:44:51.891891892,113,Home Decor,304.29,3,2024-03
2024-03-19 04:30:59.459459459,184,Electronics,262.68,1,2024-03
2024-03-19 13:17:07.027027027,81,Home Decor,460.5,4,2024-03
2024-03-19 22:03:14.594594594,187,Home Decor,253.51,3,2024-03
2024-03-20 06:49:22.162162162,113,Beauty,496.16,5,2024-03
2024-03-20 15:35:29.729729729,2,Home Decor,427.2,1,2024-03
2024-03-21 00:21:37.297297297,130,Home Decor,112.17,2,2024-03
2024-03-21 09:07:44.864864865,54,Electronics,465.99,2,2024-03
2024-03-21 17:53:52.432432432,87,Beauty,67.02,5,2024-03
2024-03-22 02:40:00.000000000,129,Accessories,410.55,1,2024-03
2024-03-22 11:26:07.567567567,147,Electronics,196.51,4,2024-03
2024-03-22 20:12:15.135135135,126,Electronics,440.21,3,2024-03
2024-03-23 04:58:22.702702702,130,Accessories,435.35,1,2024-03
2024-03-23 13:44:30.270270270,53,Home Decor,404.9,2,2024-03
2024-03-23 22:30:37.837837838,172,Fashion,397.11,5,2024-03
2024-03-24 07:16:45.405405405,160,Beauty,159.29,5,2024-03
2024-03-24 16:02:52.972972973,198,Fashion,49.65,3,2024-03
2024-03-25 00:49:00.540540540,160,Accessories,207.46,5,2024-03
2024-03-25 09:35:08.108108108,68,Electronics,95.03,5,2024-03
2024-03-25 18:21:15.675675675,183,Electronics,350.53,1,2024-03
2024-03-26 03:07:23.243243243,184,Beauty,179.59,4,2024-03
2024-03-26 11:53:30.810810811,123,Electronics,488.05,3,2024-03
2024-03-26 20:39:38.378378378,145,Electronics,324.08,1,2024-03
2024-03-27 05:25:45.945945946,38,Beauty,413.02,4,2024-03
2024-03-27 14:11:53.513513513,24,Beauty,74.94,1,2024-03
2024-03-27 22:58:01.081081081,69,Accessories,432.39,1,2024-03
2024-03-28 07:44:08.648648648,116,Electronics,462.15,5,2024-03
2024-03-28 16:30:16.216216216,98,Electronics,248.66,4,2024-03
2024-03-29 01:16:23.783783784,198,Accessories,307.06,3,2024-03
2024-03-29 10:02:31.351351351,139,Home Decor,384.76,3,2024-03
2024-03-29 18:48:38.918918919,144,Home Decor,95.67,4,2024-03
2024-03-30 03:34:46.486486486,97,Home Decor,256.26,5,2024-03
2024-03-30 12:20:54.054054054,124,Accessories,205.34,2,2024-03
2024-03-30 21:07:01.621621621,187,Electronics,81.72,1,2024-03
2024-03-31 05:53:09.189189189,70,Accessories,190.09,5,2024-03
2024-03-31 14:39:16.756756756,93,Accessories,43.4,4,2024-03
2024-03-31 23:25:24.324324324,3,Home Decor,22.65,1,2024-03
2024-04-01 08:11:31.891891892,148,Fashion,76.23,3,2024-04
2024-04-01 16:57:39.459459459,187,Electronics,481.93,2,2024-04
2024-04-02 01:43:47.027027027,164,Home Decor,279.27,3,2024-04
2024-04-02 10:29:54.594594594,147,Fashion,483.25,4,2024-04
2024-04-02 19:16:02.162162162,90,Fashion,221.92,1,2024-04
2024-04-03 04:02:09.729729729,195,Beauty,162.79,4,2024-04
2024-04-03 12:48:17.297297297,147,Electronics,258.01,1,2024-04
2024-04-03 21:34:24.864864865,148,Fashion,225.36,5,2024-04
2024-04-04 06:20:32.432432432,96,Home Decor,61.78,2,2024-04
2024-04-04 15:06:40.000000000,199,Beauty,324.0,5,2024-04
2024-04-04 23:52:47.567567567,52,Electronics,115.86,5,2024-04
2024-04-05 08:38:55.135135135,161,Accessories,313.6,4,2024-04
2024-04-05 17:25:02.702702702,168,Home Decor,328.6,2,2024-04
2024-04-06 02:11:10.270270270,128,Fashion,84.49,1,2024-04
2024-04-06 10:57:17.837837838,39,Fashion,40.06,1,2024-04
2024-04-06 19:43:25.405405405,82,Home Decor,392.57,3,2024-04
2024-04-07 04:29:32.972972973,104,Fashion,235.3,1,2024-04
2024-04-07 13:15:40.540540540,129,Beauty,38.5,4,2024-04
2024-04-07 22:01:48.108108108,11,Electronics,497.48,5,2024-04
2024-04-08 06:47:55.675675675,185,Beauty,38.31,5,2024-04
2024-04-08 15:34:03.243243243,178,Fashion,350.57,5,2024-04
2024-04-09 00:20:10.810810810,151,Accessories,492.0,2,2024-04
2024-04-09 09:06:18.378378378,159,Electronics,127.2,1,2024-04
2024-04-09 17:52:25.945945946,42,Electronics,79.7,4,2024-04
2024-04-10 02:38:33.513513513,99,Home Decor,69.48,2,2024-04
2024-04-10 11:24:41.081081081,7,Home Decor,158.6,3,2024-04
2024-04-10 20:10:48.648648648,144,Accessories,59.51,4,2024-04
2024-04-11 04:56:56.216216216,90,Electronics,349.16,4,2024-04
2024-04-11 13:43:03.783783783,112,Accessories,40.52,4,2024-04
2024-04-11 22:29:11.351351351,60,Home Decor,259.62,5,2024-04
2024-04-12 07:15:18.918918919,113,Home Decor,498.38,4,2024-04
2024-04-12 16:01:26.486486486,2,Electronics,408.85,1,2024-04
2024-04-13 00:47:34.054054054,129,Beauty,311.46,4,2024-04
2024-04-13 09:33:41.621621621,48,Fashion,160.06,5,2024-04
2024-04-13 18:19:49.189189189,140,Home Decor,315.71,4,2024-04
2024-04-14 03:05:56.756756756,197,Home Decor,268.25,3,2024-04
2024-04-14 11:52:04.324324324,37,Beauty,218.78,3,2024-04
2024-04-14 20:38:11.891891892,160,Beauty,74.05,5,2024-04
2024-04-15 05:24:19.459459460,9,Accessories,444.44,1,2024-04
2024-04-15 14:10:27.027027026,99,Accessories,230.39,1,2024-04
2024-04-15 22:56:34.594594594,147,Fashion,105.37,2,2024-04
2024-04-16 07:42:42.162162162,48,Fashion,190.2,5,2024-04
2024-04-16 16:28:49.729729730,131,Electronics,212.92,4,2024-04
2024-04-17 01:14:57.297297296,148,Accessories,415.49,5,2024-04
2024-04-17 10:01:04.864864864,152,Home Decor,369.47,2,2024-04
2024-04-17 18:47:12.432432432,54,Accessories,386.96,5,2024-04
2024-04-18 03:33:20.000000000,120,Home Decor,15.41,5,2024-04
2024-04-18 12:19:27.567567568,161,Beauty,213.92,2,2024-04
2024-04-18 21:05:35.135135134,152,Accessories,245.86,1,2024-04
2024-04-19 05:51:42.702702702,116,Beauty,19.4,4,2024-04
2024-04-19 14:37:50.270270270,75,Fashion,137.31,2,2024-04
2024-04-19 23:23:57.837837838,113,Fashion,382.54,3,2024-04
2024-04-20 08:10:05.405405406,200,Electronics,77.18,1,2024-04
2024-04-20 16:56:12.972972972,164,Accessories,272.3,3,2024-04
2024-04-21 01:42:20.540540540,166,Beauty,115.45,1,2024-04
2024-04-21 10:28:28.108108108,104,Home Decor,15.94,4,2024-04
2024-04-21 19:14:35.675675676,84,Fashion,128.19,4,2024-04
2024-04-22 04:00:43.243243242,112,Fashion,488.18,5,2024-04
2024-04-22 12:46:50.810810810,99,Home Decor,402.75,3,2024-04
2024-04-22 21:32:58.378378378,153,Beauty,480.19,1,2024-04
2024-04-23 06:19:05.945945946,93,Beauty,249.05,4,2024-04
2024-04-23 15:05:13.513513514,146,Accessories,63.77,2,2024-04
2024-04-23 23:51:21.081081080,128,Accessories,278.5,4,2024-04
2024-04-24 08:37:28.648648648,110,Electronics,232.64,2,2024-04
2024-04-24 17:23:36.216216216,82,Fashion,423.73,1,2024-04
2024-04-25 02:09:43.783783784,194,Accessories,58.06,4,2024-04
2024-04-25 10:55:51.351351350,54,Beauty,249.24,4,2024-04
2024-04-25 19:41:58.918918918,163,Home Decor,83.52,1,2024-04
2024-04-26 04:28:06.486486486,189,Beauty,169.09,4,2024-04
2024-04-26 13:14:14.054054054,169,Fashion,371.3,2,2024-04
2024-04-26 22:00:21.621621622,161,Beauty,243.25,4,2024-04
2024-04-27 06:46:29.189189188,68,Electronics,194.19,3,2024-04
2024-04-27 15:32:36.756756756,33,Fashion,203.29,5,2024-04
2024-04-28 00:18:44.324324324,142,Home Decor,235.13,2,2024-04
2024-04-28 09:04:51.891891892,21,Electronics,394.66,3,2024-04
2024-04-28 17:50:59.459459460,48,Fashion,447.12,1,2024-04
2024-04-29 02:37:07.027027026,148,Home Decor,478.11,2,2024-04
2024-04-29 11:23:14.594594594,128,Electronics,395.58,5,2024-04
2024-04-29 20:09:22.162162162,136,Electronics,164.55,5,2024-04
2024-04-30 04:55:29.729729730,135,Fashion,347.19,1,2024-04
2024-04-30 13:41:37.297297296,195,Accessories,224.43,1,2024-04
2024-04-30 22:27:44.864864864,145,Electronics,134.79,2,2024-04
2024-05-01 07:13:52.432432432,128,Electronics,422.03,4,2024-05
2024-05-01 16:00:00.000000000,33,Home Decor,28.83,1,2024-05
2024-05-02 00:46:07.567567568,176,Beauty,451.86,4,2024-05
2024-05-02 09:32:15.135135134,187,Fashion,236.12,3,2024-05
2024-05-02 18:18:22.702702702,115,Fashion,322.23,5,2024-05
2024-05-03 03:04:30.270270270,119,Accessories,333.08,4,2024-05
2024-05-03 11:50:37.837837838,22,Accessories,448.61,5,2024-05
2024-05-03 20:36:45.405405406,158,Fashion,321.97,4,2024-05
2024-05-04 05:22:52.972972972,38,Accessories,310.83,3,2024-05
2024-05-04 14:09:00.540540540,109,Home Decor,42.66,1,2024-05
2024-05-04 22:55:08.108108108,51,Fashion,264.02,3,2024-05
2024-05-05 07:41:15.675675676,182,Accessories,83.58,1,2024-05
2024-05-05 16:27:23.243243242,8,Fashion,371.34,1,2024-05
2024-05-06 01:13:30.810810810,27,Beauty,260.99,5,2024-05
2024-05-06 09:59:38.378378378,27,Electronics,343.31,3,2024-05
2024-05-06 18:45:45.945945946,21,Fashion,30.42,4,2024-05
2024-05-07 03:31:53.513513514,30,Electronics,51.55,3,2024-05
2024-05-07 12:18:01.081081080,97,Accessories,361.0,5,2024-05
2024-05-07 21:04:08.648648648,28,Electronics,45.32,1,2024-05
2024-05-08 05:50:16.216216216,111,Fashion,44.92,5,2024-05
2024-05-08 14:36:23.783783784,192,Beauty,15.93,2,2024-05
2024-05-08 23:22:31.351351350,197,Accessories,478.69,2,2024-05
2024-05-09 08:08:38.918918918,61,Fashion,371.38,4,2024-05
2024-05-09 16:54:46.486486486,48,Accessories,183.09,5,2024-05
2024-05-10 01:40:54.054054054,147,Home Decor,155.3,4,2024-05
2024-05-10 10:27:01.621621622,4,Electronics,181.35,4,2024-05
2024-05-10 19:13:09.189189188,35,Home Decor,389.58,2,2024-05
2024-05-11 03:59:16.756756756,192,Fashion,334.07,4,2024-05
2024-05-11 12:45:24.324324324,49,Beauty,100.75,2,2024-05
2024-05-11 21:31:31.891891892,17,Accessories,95.31,1,2024-05
2024-05-12 06:17:39.459459460,172,Electronics,58.21,5,2024-05
2024-05-12 15:03:47.027027026,158,Accessories,333.55,4,2024-05
2024-05-12 23:49:54.594594594,46,Fashion,384.54,2,2024-05
2024-05-13 08:36:02.162162162,117,Accessories,139.87,3,2024-05
2024-05-13 17:22:09.729729730,6,Electronics,20.26,4,2024-05
2024-05-14 02:08:17.297297296,99,Fashion,50.26,1,2024-05
2024-05-14 10:54:24.864864864,124,Accessories,484.25,1,2024-05
2024-05-14 19:40:32.432432432,37,Beauty,154.77,3,2024-05
2024-05-15 04:26:40.000000000,24,Fashion,386.92,2,2024-05
2024-05-15 13:12:47.567567568,93,Fashion,316.09,4,2024-05
2024-05-15 21:58:55.135135134,46,Beauty,197.15,2,2024-05
2024-05-16 06:45:02.702702702,181,Home Decor,110.79,1,2024-05
2024-05-16 15:31:10.270270270,95,Electronics,69.48,2,2024-05
2024-05-17 00:17:17.837837838,99,Home Decor,311.36,1,2024-05
2024-05-17 09:03:25.405405404,188,Accessories,389.57,2,2024-05
2024-05-17 17:49:32.972972972,116,Beauty,325.51,3,2024-05
2024-05-18 02:35:40.540540540,191,Home Decor,269.85,5,2024-05
2024-05-18 11:21:48.108108108,160,Fashion,30.56,3,2024-05
2024-05-18 20:07:55.675675676,161,Accessories,484.56,3,2024-05
2024-05-19 04:54:03.243243242,67,Accessories,401.37,5,2024-05
2024-05-19 13:40:10.810810810,128,Home Decor,153.48,5,2024-05
2024-05-19 22:26:18.378378378,18,Home Decor,490.19,4,2024-05
2024-05-20 07:12:25.945945946,25,Beauty,304.92,4,2024-05
2024-05-20 15:58:33.513513514,54,Electronics,295.39,3,2024-05
2024-05-21 00:44:41.081081080,58,Home Decor,376.56,3,2024-05
2024-05-21 09:30:48.648648648,67,Home Decor,407.77,1,2024-05
2024-05-21 18:16:56.216216216,104,Fashion,331.67,1,2024-05
2024-05-22 03:03:03.783783784,174,Accessories,72.77,4,2024-05
2024-05-22 11:49:11.351351350,24,Electronics,175.75,4,2024-05
2024-05-22 20:35:18.918918918,114,Fashion,464.76,1,2024-05
2024-05-23 05:21:26.486486486,32,Beauty,120.06,1,2024-05
2024-05-23 14:07:34.054054054,175,Beauty,192.36,2,2024-05
2024-05-23 22:53:41.621621622,86,Home Decor,221.72,2,2024-05
2024-05-24 07:39:49.189189188,151,Home Decor,225.31,1,2024-05
2024-05-24 16:25:56.756756756,194,Beauty,310.34,2,2024-05
2024-05-25 01:12:04.324324324,127,Home Decor,472.11,5,2024-05
2024-05-25 09:58:11.891891892,155,Electronics,127.94,4,2024-05
2024-05-25 18:44:19.459459458,130,Home Decor,69.54,4,2024-05
2024-05-26 03:30:27.027027026,17,Accessories,106.76,1,2024-05
2024-05-26 12:16:34.594594594,104,Home Decor,444.59,3,2024-05
2024-05-26 21:02:42.162162162,161,Fashion,326.45,1,2024-05
2024-05-27 05:48:49.729729730,137,Electronics,150.09,2,2024-05
2024-05-27 14:34:57.297297296,43,Fashion,409.81,3,2024-05
2024-05-27 23:21:04.864864864,176,Fashion,432.07,2,2024-05
2024-05-28 08:07:12.432432432,39,Accessories,424.79,5,2024-05
2024-05-28 16:53:20.000000000,170,Electronics,460.27,2,2024-05
2024-05-29 01:39:27.567567568,26,Electronics,133.6,5,2024-05
2024-05-29 10:25:35.135135134,99,Electronics,379.97,5,2024-05
2024-05-29 19:11:42.702702702,50,Electronics,235.66,2,2024-05
2024-05-30 03:57:50.270270270,153,Electronics,422.58,2,2024-05
2024-05-30 12:43:57.837837838,152,Accessories,366.96,5,2024-05
2024-05-30 21:30:05.405405404,13,Home Decor,390.46,3,2024-05
2024-05-31 06:16:12.972972972,60,Fashion,331.52,5,2024-05
2024-05-31 15:02:20.540540540,135,Electronics,96.94,4,2024-05
2024-05-31 23:48:28.108108108,57,Home Decor,277.06,5,2024-05
2024-06-01 08:34:35.675675676,36,Home Decor,492.49,3,2024-06
2024-06-01 17:20:43.243243242,173,Fashion,469.32,4,2024-06
2024-06-02 02:06:50.810810810,20,Accessories,31.16,1,2024-06
2024-06-02 10:52:58.378378378,65,Beauty,90.76,1,2024-06
2024-06-02 19:39:05.945945946,8,Beauty,74.55,3,2024-06
2024-06-03 04:25:13.513513514,144,Home Decor,365.73,5,2024-06
2024-06-03 13:11:21.081081080,142,Fashion,410.71,2,2024-06
2024-06-03 21:57:28.648648648,115,Beauty,114.62,3,2024-06
2024-06-04 06:43:36.216216216,143,Home Decor,257.87,4,2024-06
2024-06-04 15:29:43.783783784,92,Accessories,421.94,4,2024-06
2024-06-05 00:15:51.351351350,98,Beauty,369.07,1,2024-06
2024-06-05 09:01:58.918918918,66,Home Decor,275.7,4,2024-06
2024-06-05 17:48:06.486486486,32,Home Decor,299.27,3,2024-06
2024-06-06 02:34:14.054054054,191,Electronics,259.1,4,2024-06
2024-06-06 11:20:21.621621622,86,Accessories,155.8,3,2024-06
2024-06-06 20:06:29.189189188,51,Electronics,286.86,2,2024-06
2024-06-07 04:52:36.756756756,153,Fashion,347.55,1,2024-06
2024-06-07 13:38:44.324324324,186,Electronics,437.93,4,2024-06
2024-06-07 22:24:51.891891892,63,Electronics,321.78,3,2024-06
2024-06-08 07:10:59.459459458,190,Beauty,382.95,5,2024-06
2024-06-08 15:57:07.027027026,125,Home Decor,88.44,1,2024-06
2024-06-09 00:43:14.594594594,150,Accessories,236.16,2,2024-06
2024-06-09 09:29:22.162162162,58,Electronics,14.57,3,2024-06
2024-06-09 18:15:29.729729730,58,Accessories,130.87,2,2024-06
2024-06-10 03:01:37.297297296,86,Electronics,365.97,2,2024-06
2024-06-10 11:47:44.864864864,49,Fashion,495.99,4,2024-06
2024-06-10 20:33:52.432432432,180,Electronics,58.6,4,2024-06
2024-06-11 05:20:00.000000000,170,Beauty,206.73,3,2024-06
2024-06-11 14:06:07.567567568,70,Home Decor,402.03,5,2024-06
2024-06-11 22:52:15.135135134,15,Fashion,109.98,3,2024-06
2024-06-12 07:38:22.702702702,54,Electronics,281.99,5,2024-06
2024-06-12 16:24:30.270270270,188,Accessories,369.2,2,2024-06
2024-06-13 01:10:37.837837838,101,Fashion,311.83,1,2024-06
2024-06-13 09:56:45.405405404,8,Fashion,102.13,3,2024-06
2024-06-13 18:42:52.972972972,53,Electronics,184.14,3,2024-06
2024-06-14 03:29:00.540540540,60,Fashion,394.06,5,2024-06
2024-06-14 12:15:08.108108108,108,Accessories,281.57,2,2024-06
2024-06-14 21:01:15.675675676,5,Fashion,12.56,2,2024-06
2024-06-15 05:47:23.243243242,103,Accessories,382.89,5,2024-06
2024-06-15 14:33:30.810810810,196,Electronics,27.3,2,2024-06
2024-06-15 23:19:38.378378378,6,Home Decor,375.41,4,2024-06
2024-06-16 08:05:45.945945946,109,Fashion,109.22,1,2024-06
2024-06-16 16:51:53.513513512,116,Home Decor,479.46,3,2024-06
2024-06-17 01:38:01.081081080,94,Accessories,190.29,1,2024-06
2024-06-17 10:24:08.648648648,47,Fashion,170.2,3,2024-06
2024-06-17 19:10:16.216216216,99,Beauty,82.96,4,2024-06
2024-06-18 03:56:23.783783784,55,Home Decor,159.75,2,2024-06
2024-06-18 12:42:31.351351350,168,Fashion,439.56,5,2024-06
2024-06-18 21:28:38.918918918,52,Home Decor,498.2,4,2024-06
2024-06-19 06:14:46.486486486,144,Fashion,190.47,1,2024-06
2024-06-19 15:00:54.054054054,13,Electronics,229.82,5,2024-06
2024-06-19 23:47:01.621621622,114,Home Decor,363.81,2,2024-06
2024-06-20 08:33:09.189189188,124,Beauty,444.24,4,2024-06
2024-06-20 17:19:16.756756756,106,Beauty,300.59,5,2024-06
2024-06-21 02:05:24.324324324,158,Accessories,201.85,4,2024-06
2024-06-21 10:51:31.891891892,147,Fashion,212.18,4,2024-06
2024-06-21 19:37:39.459459458,145,Home Decor,350.85,2,2024-06
2024-06-22 04:23:47.027027026,120,Accessories,11.58,3,2024-06
2024-06-22 13:09:54.594594594,63,Home Decor,313.6,5,2024-06
2024-06-22 21:56:02.162162162,19,Fashion,184.19,2,2024-06
2024-06-23 06:42:09.729729730,92,Beauty,399.16,4,2024-06
2024-06-23 15:28:17.297297296,58,Electronics,55.57,2,2024-06
2024-06-24 00:14:24.864864864,183,Beauty,298.22,3,2024-06
2024-06-24 09:00:32.432432432,90,Accessories,245.68,5,2024-06
2024-06-24 17:46:40.000000000,117,Electronics,324.74,3,2024-06
2024-06-25 02:32:47.567567568,62,Accessories,41.78,1,2024-06
2024-06-25 11:18:55.135135134,23,Fashion,294.19,5,2024-06
2024-06-25 20:05:02.702702702,127,Electronics,285.13,3,2024-06
2024-06-26 04:51:10.270270270,137,Accessories,284.72,4,2024-06
2024-06-26 13:37:17.837837838,140,Fashion,305.71,5,2024-06
2024-06-26 22:23:25.405405404,129,Beauty,341.47,5,2024-06
2024-06-27 07:09:32.972972972,58,Fashion,404.44,2,2024-06
2024-06-27 15:55:40.540540540,122,Home Decor,142.21,4,2024-06
2024-06-28 00:41:48.108108108,1,Fashion,414.27,1,2024-06
2024-06-28 09:27:55.675675676,34,Fashion,254.15,3,2024-06
2024-06-28 18:14:03.243243242,96,Home Decor,47.76,2,2024-06
2024-06-29 03:00:10.810810810,126,Accessories,38.69,3,2024-06
2024-06-29 11:46:18.378378378,118,Accessories,173.78,1,2024-06
2024-06-29 20:32:25.945945946,48,Fashion,394.6,1,2024-06
2024-06-30 05:18:33.513513512,89,Home Decor,356.76,5,2024-06
2024-06-30 14:04:41.081081080,117,Home Decor,396.42,1,2024-06
2024-06-30 22:50:48.648648648,129,Beauty,263.46,3,2024-06
2024-07-01 07:36:56.216216216,16,Accessories,225.7,4,2024-07
2024-07-01 16:23:03.783783784,189,Electronics,82.25,4,2024-07
2024-07-02 01:09:11.351351350,192,Accessories,170.81,5,2024-07
2024-07-02 09:55:18.918918918,191,Accessories,222.67,3,2024-07
2024-07-02 18:41:26.486486486,69,Beauty,53.41,3,2024-07
2024-07-03 03:27:34.054054054,22,Electronics,118.1,1,2024-07
2024-07-03 12:13:41.621621622,93,Beauty,303.13,3,2024-07
2024-07-03 20:59:49.189189188,195,Electronics,370.47,2,2024-07
2024-07-04 05:45:56.756756756,76,Fashion,499.19,1,2024-07
2024-07-04 14:32:04.324324324,154,Electronics,467.23,2,2024-07
2024-07-04 23:18:11.891891892,144,Beauty,324.86,5,2024-07
2024-07-05 08:04:19.459459458,179,Accessories,216.41,4,2024-07
2024-07-05 16:50:27.027027026,86,Electronics,321.73,5,2024-07
2024-07-06 01:36:34.594594594,185,Electronics,394.97,4,2024-07
2024-07-06 10:22:42.162162162,29,Home Decor,67.98,5,2024-07
2024-07-06 19:08:49.729729730,69,Accessories,210.85,3,2024-07
2024-07-07 03:54:57.297297296,47,Fashion,421.5,2,2024-07
2024-07-07 12:41:04.864864864,94,Beauty,198.08,4,2024-07
2024-07-07 21:27:12.432432432,190,Fashion,290.22,1,2024-07
2024-07-08 06:13:20.000000000,197,Accessories,298.01,2,2024-07
2024-07-08 14:59:27.567567566,144,Electronics,100.39,1,2024-07
2024-07-08 23:45:35.135135134,176,Electronics,187.5,2,2024-07
2024-07-09 08:31:42.702702702,85,Accessories,173.91,2,2024-07
2024-07-09 17:17:50.270270270,39,Electronics,22.84,5,2024-07
2024-07-10 02:03:57.837837838,100,Electronics,21.85,4,2024-07
2024-07-10 10:50:05.405405404,33,Electronics,417.53,4,2024-07
2024-07-10 19:36:12.972972972,101,Beauty,143.8,2,2024-07
2024-07-11 04:22:20.540540540,23,Beauty,263.86,3,2024-07
2024-07-11 13:08:28.108108108,10,Home Decor,156.38,3,2024-07
2024-07-11 21:54:35.675675676,69,Fashion,470.93,1,2024-07
2024-07-12 06:40:43.243243242,100,Accessories,137.06,1,2024-07
2024-07-12 15:26:50.810810810,34,Accessories,220.53,5,2024-07
2024-07-13 00:12:58.378378378,180,Accessories,437.64,2,2024-07
2024-07-13 08:59:05.945945946,138,Home Decor,422.55,1,2024-07
2024-07-13 17:45:13.513513512,147,Beauty,101.19,1,2024-07
2024-07-14 02:31:21.081081080,186,Home Decor,403.3,2,2024-07
2024-07-14 11:17:28.648648648,96,Accessories,234.51,5,2024-07
2024-07-14 20:03:36.216216216,1,Fashion,246.65,1,2024-07
2024-07-15 04:49:43.783783784,69,Electronics,75.41,5,2024-07
2024-07-15 13:35:51.351351350,4,Beauty,49.49,4,2024-07
2024-07-15 22:21:58.918918918,16,Beauty,366.69,5,2024-07
2024-07-16 07:08:06.486486486,24,Home Decor,253.27,3,2024-07
2024-07-16 15:54:14.054054054,80,Beauty,224.06,3,2024-07
2024-07-17 00:40:21.621621620,2,Accessories,367.46,5,2024-07
2024-07-17 09:26:29.189189188,128,Accessories,385.1,3,2024-07
2024-07-17 18:12:36.756756756,160,Home Decor,87.87,4,2024-07
2024-07-18 02:58:44.324324324,84,Accessories,309.01,2,2024-07
2024-07-18 11:44:51.891891892,152,Fashion,76.32,3,2024-07
2024-07-18 20:30:59.459459458,140,Home Decor,378.17,3,2024-07
2024-07-19 05:17:07.027027026,178,Fashion,331.91,5,2024-07
2024-07-19 14:03:14.594594594,163,Electronics,478.74,4,2024-07
2024-07-19 22:49:22.162162162,124,Fashion,43.79,2,2024-07
2024-07-20 07:35:29.729729730,33,Electronics,37.96,5,2024-07
2024-07-20 16:21:37.297297296,161,Electronics,148.27,5,2024-07
2024-07-21 01:07:44.864864864,189,Fashion,138.24,4,2024-07
2024-07-21 09:53:52.432432432,179,Home Decor,131.02,2,2024-07
2024-07-21 18:40:00.000000000,171,Accessories,454.06,4,2024-07
2024-07-22 03:26:07.567567566,101,Accessories,132.28,2,2024-07
2024-07-22 12:12:15.135135134,12,Electronics,143.26,4,2024-07
2024-07-22 20:58:22.702702702,67,Electronics,382.11,5,2024-07
2024-07-23 05:44:30.270270270,65,Home Decor,230.37,5,2024-07
2024-07-23 14:30:37.837837838,161,Beauty,390.59,1,2024-07
2024-07-23 23:16:45.405405404,168,Fashion,42.03,3,2024-07
2024-07-24 08:02:52.972972972,74,Electronics,248.91,4,2024-07
2024-07-24 16:49:00.540540540,43,Accessories,26.47,1,2024-07
2024-07-25 01:35:08.108108108,44,Home Decor,40.7,3,2024-07
2024-07-25 10:21:15.675675676,29,Fashion,454.15,4,2024-07
2024-07-25 19:07:23.243243242,141,Home Decor,78.23,2,2024-07
2024-07-26 03:53:30.810810810,12,Fashion,270.89,3,2024-07
2024-07-26 12:39:38.378378378,95,Fashion,211.44,5,2024-07
2024-07-26 21:25:45.945945946,46,Electronics,180.2,1,2024-07
2024-07-27 06:11:53.513513512,130,Home Decor,450.92,3,2024-07
2024-07-27 14:58:01.081081080,35,Home Decor,20.69,3,2024-07
2024-07-27 23:44:08.648648648,81,Accessories,335.26,5,2024-07
2024-07-28 08:30:16.216216216,90,Accessories,482.06,4,2024-07
2024-07-28 17:16:23.783783784,8,Electronics,284.48,2,2024-07
2024-07-29 02:02:31.351351352,93,Electronics,469.04,5,2024-07
2024-07-29 10:48:38.918918920,154,Beauty,35.61,2,2024-07
2024-07-29 19:34:46.486486484,90,Accessories,215.21,4,2024-07
2024-07-30 04:20:54.054054052,162,Fashion,137.48,3,2024-07
2024-07-30 13:07:01.621621620,115,Home Decor,368.1,2,2024-07
2024-07-30 21:53:09.189189188,105,Electronics,490.84,1,2024-07
2024-07-31 06:39:16.756756756,135,Home Decor,135.7,1,2024-07
2024-07-31 15:25:24.324324324,196,Home Decor,330.55,5,2024-07
2024-08-01 00:11:31.891891892,58,Beauty,107.07,4,2024-08
2024-08-01 08:57:39.459459460,114,Accessories,287.01,5,2024-08
2024-08-01 17:43:47.027027028,75,Electronics,237.33,5,2024-08
2024-08-02 02:29:54.594594592,157,Home Decor,486.28,5,2024-08
2024-08-02 11:16:02.162162160,120,Electronics,308.18,1,2024-08
2024-08-02 20:02:09.729729728,164,Fashion,181.26,1,2024-08
2024-08-03 04:48:17.297297296,21,Beauty,65.91,5,2024-08
2024-08-03 13:34:24.864864864,164,Fashion,84.11,1,2024-08
2024-08-03 22:20:32.432432432,138,Electronics,120.41,4,2024-08
2024-08-04 07:06:40.000000000,101,Electronics,132.97,5,2024-08
2024-08-04 15:52:47.567567568,152,Accessories,426.8,1,2024-08
2024-08-05 00:38:55.135135136,192,Home Decor,285.0,2,2024-08
2024-08-05 09:25:02.702702704,177,Home Decor,266.46,5,2024-08
2024-08-05 18:11:10.270270268,99,Fashion,66.24,5,2024-08
2024-08-06 02:57:17.837837836,36,Beauty,431.47,4,2024-08
2024-08-06 11:43:25.405405404,96,Home Decor,364.18,3,2024-08
2024-08-06 20:29:32.972972972,152,Accessories,43.16,3,2024-08
2024-08-07 05:15:40.540540540,151,Fashion,356.84,4,2024-08
2024-08-07 14:01:48.108108108,190,Fashion,276.33,4,2024-08
2024-08-07 22:47:55.675675676,37,Accessories,50.05,4,2024-08
2024-08-08 07:34:03.243243244,12,Beauty,234.57,3,2024-08
2024-08-08 16:20:10.810810812,113,Accessories,247.5,4,2024-08
2024-08-09 01:06:18.378378376,183,Beauty,91.23,1,2024-08
2024-08-09 09:52:25.945945944,13,Accessories,473.39,5,2024-08
2024-08-09 18:38:33.513513512,23,Accessories,426.49,5,2024-08
2024-08-10 03:24:41.081081080,99,Electronics,337.82,2,2024-08
2024-08-10 12:10:48.648648648,105,Fashion,236.52,2,2024-08
2024-08-10 20:56:56.216216216,30,Accessories,211.77,5,2024-08
2024-08-11 05:43:03.783783784,17,Accessories,328.98,1,2024-08
2024-08-11 14:29:11.351351352,113,Home Decor,277.26,3,2024-08
2024-08-11 23:15:18.918918920,62,Fashion,40.51,3,2024-08
2024-08-12 08:01:26.486486484,84,Home Decor,261.13,1,2024-08
2024-08-12 16:47:34.054054052,112,Fashion,405.14,3,2024-08
2024-08-13 01:33:41.621621620,86,Home Decor,235.03,4,2024-08
2024-08-13 10:19:49.189189188,141,Accessories,35.46,5,2024-08
2024-08-13 19:05:56.756756756,187,Accessories,395.28,5,2024-08
2024-08-14 03:52:04.324324324,19,Electronics,108.67,1,2024-08
2024-08-14 12:38:11.891891892,177,Home Decor,136.72,3,2024-08
2024-08-14 21:24:19.459459460,100,Beauty,90.71,2,2024-08
2024-08-15 06:10:27.027027028,140,Electronics,171.81,2,2024-08
2024-08-15 14:56:34.594594592,189,Home Decor,380.81,3,2024-08
2024-08-15 23:42:42.162162160,147,Home Decor,264.5,2,2024-08
2024-08-16 08:28:49.729729728,76,Electronics,110.39,1,2024-08
2024-08-16 17:14:57.297297296,9,Accessories,440.14,1,2024-08
2024-08-17 02:01:04.864864864,199,Home Decor,441.0,3,2024-08
2024-08-17 10:47:12.432432432,28,Accessories,436.58,2,2024-08
2024-08-17 19:33:20.000000000,128,Electronics,127.01,1,2024-08
2024-08-18 04:19:27.567567568,52,Accessories,231.11,1,2024-08
2024-08-18 13:05:35.135135136,83,Fashion,492.64,4,2024-08
2024-08-18 21:51:42.702702700,111,Beauty,388.29,4,2024-08
2024-08-19 06:37:50.270270268,144,Home Decor,23.31,1,2024-08
2024-08-19 15:23:57.837837836,117,Beauty,41.95,3,2024-08
2024-08-20 00:10:05.405405404,69,Accessories,237.33,5,2024-08
2024-08-20 08:56:12.972972972,99,Home Decor,455.52,5,2024-08
2024-08-20 17:42:20.540540540,140,Accessories,273.96,1,2024-08
2024-08-21 02:28:28.108108108,25,Fashion,253.93,1,2024-08
2024-08-21 11:14:35.675675676,180,Electronics,61.68,1,2024-08
2024-08-21 20:00:43.243243244,123,Home Decor,331.82,3,2024-08
2024-08-22 04:46:50.810810812,53,Fashion,412.83,4,2024-08
2024-08-22 13:32:58.378378376,151,Fashion,196.41,1,2024-08
2024-08-22 22:19:05.945945944,144,Home Decor,390.05,1,2024-08
2024-08-23 07:05:13.513513512,57,Accessories,482.59,2,2024-08
2024-08-23 15:51:21.081081080,39,Fashion,109.85,3,2024-08
2024-08-24 00:37:28.648648648,109,Beauty,266.43,1,2024-08
2024-08-24 09:23:36.216216216,181,Fashion,150.7,2,2024-08
2024-08-24 18:09:43.783783784,42,Accessories,398.5,5,2024-08
2024-08-25 02:55:51.351351352,186,Accessories,293.02,1,2024-08
2024-08-25 11:41:58.918918920,167,Beauty,320.95,1,2024-08
2024-08-25 20:28:06.486486484,142,Fashion,400.98,2,2024-08
2024-08-26 05:14:14.054054052,122,Accessories,204.03,3,2024-08
2024-08-26 14:00:21.621621620,133,Home Decor,458.39,1,2024-08
2024-08-26 22:46:29.189189188,163,Electronics,271.18,5,2024-08
2024-08-27 07:32:36.756756756,75,Electronics,87.4,1,2024-08
2024-08-27 16:18:44.324324324,146,Electronics,350.99,5,2024-08
2024-08-28 01:04:51.891891892,76,Fashion,398.7,4,2024-08
2024-08-28 09:50:59.459459460,9,Beauty,165.21,4,2024-08
2024-08-28 18:37:07.027027028,74,Accessories,430.02,5,2024-08
2024-08-29 03:23:14.594594592,186,Home Decor,454.01,3,2024-08
2024-08-29 12:09:22.162162160,145,Home Decor,145.68,1,2024-08
2024-08-29 20:55:29.729729728,7,Fashion,491.93,1,2024-08
2024-08-30 05:41:37.297297296,174,Electronics,78.95,4,2024-08
2024-08-30 14:27:44.864864864,141,Fashion,108.99,5,2024-08
2024-08-30 23:13:52.432432432,168,Beauty,100.27,1,2024-08
2024-08-31 08:00:00.000000000,170,Beauty,448.05,1,2024-08
2024-08-31 16:46:07.567567568,137,Accessories,330.6,3,2024-08
2024-09-01 01:32:15.135135136,178,Accessories,84.53,2,2024-09
2024-09-01 10:18:22.702702700,27,Beauty,225.76,4,2024-09
2024-09-01 19:04:30.270270268,122,Beauty,311.5,4,2024-09
2024-09-02 03:50:37.837837836,194,Beauty,50.9,2,2024-09
2024-09-02 12:36:45.405405404,5,Fashion,442.38,1,2024-09
2024-09-02 21:22:52.972972972,29,Beauty,403.77,3,2024-09
2024-09-03 06:09:00.540540540,165,Home Decor,257.55,3,2024-09
2024-09-03 14:55:08.108108108,166,Electronics,483.89,4,2024-09
2024-09-03 23:41:15.675675676,83,Beauty,214.7,3,2024-09
2024-09-04 08:27:23.243243244,136,Electronics,492.21,2,2024-09
2024-09-04 17:13:30.810810812,109,Fashion,337.28,1,2024-09
2024-09-05 01:59:38.378378376,65,Electronics,320.99,2,2024-09
2024-09-05 10:45:45.945945944,86,Fashion,91.32,5,2024-09
2024-09-05 19:31:53.513513512,145,Home Decor,442.14,4,2024-09
2024-09-06 04:18:01.081081080,71,Fashion,219.47,3,2024-09
2024-09-06 13:04:08.648648648,45,Fashion,89.49,5,2024-09
2024-09-06 21:50:16.216216216,132,Accessories,16.18,3,2024-09
2024-09-07 06:36:23.783783784,36,Beauty,284.28,1,2024-09
2024-09-07 15:22:31.351351352,70,Beauty,268.43,1,2024-09
2024-09-08 00:08:38.918918920,159,Home Decor,362.48,1,2024-09
2024-09-08 08:54:46.486486484,19,Home Decor,446.23,3,2024-09
2024-09-08 17:40:54.054054052,189,Beauty,48.91,5,2024-09
2024-09-09 02:27:01.621621620,108,Accessories,368.43,1,2024-09
2024-09-09 11:13:09.189189188,182,Beauty,101.83,5,2024-09
2024-09-09 19:59:16.756756756,167,Accessories,430.51,3,2024-09
2024-09-10 04:45:24.324324324,91,Home Decor,411.34,5,2024-09
2024-09-10 13:31:31.891891892,90,Electronics,274.99,3,2024-09
2024-09-10 22:17:39.459459460,19,Home Decor,358.02,3,2024-09
2024-09-11 07:03:47.027027028,39,Home Decor,164.03,4,2024-09
2024-09-11 15:49:54.594594592,126,Fashion,240.87,3,2024-09
2024-09-12 00:36:02.162162160,195,Fashion,412.6,3,2024-09
2024-09-12 09:22:09.729729728,173,Fashion,235.04,2,2024-09
2024-09-12 18:08:17.297297296,141,Fashion,185.32,1,2024-09
2024-09-13 02:54:24.864864864,126,Accessories,252.16,4,2024-09
2024-09-13 11:40:32.432432432,58,Beauty,415.84,4,2024-09
2024-09-13 20:26:40.000000000,148,Electronics,174.25,4,2024-09
2024-09-14 05:12:47.567567568,200,Home Decor,95.14,2,2024-09
2024-09-14 13:58:55.135135136,61,Accessories,358.89,3,2024-09
2024-09-14 22:45:02.702702700,127,Electronics,414.73,1,2024-09
2024-09-15 07:31:10.270270268,105,Accessories,59.31,5,2024-09
2024-09-15 16:17:17.837837836,167,Accessories,127.54,3,2024-09
2024-09-16 01:03:25.405405404,1,Home Decor,79.57,2,2024-09
2024-09-16 09:49:32.972972972,131,Beauty,180.49,3,2024-09
2024-09-16 18:35:40.540540540,92,Fashion,230.67,3,2024-09
2024-09-17 03:21:48.108108108,190,Beauty,376.92,2,2024-09
2024-09-17 12:07:55.675675676,191,Home Decor,329.06,4,2024-09
2024-09-17 20:54:03.243243244,113,Home Decor,314.25,4,2024-09
2024-09-18 05:40:10.810810808,153,Home Decor,182.66,1,2024-09
2024-09-18 14:26:18.378378376,56,Electronics,422.31,1,2024-09
2024-09-18 23:12:25.945945944,161,Beauty,240.93,4,2024-09
2024-09-19 07:58:33.513513512,166,Beauty,489.76,5,2024-09
2024-09-19 16:44:41.081081080,117,Accessories,320.73,3,2024-09
2024-09-20 01:30:48.648648648,134,Accessories,71.87,5,2024-09
2024-09-20 10:16:56.216216216,58,Accessories,341.33,3,2024-09
2024-09-20 19:03:03.783783784,44,Home Decor,169.3,4,2024-09
2024-09-21 03:49:11.351351352,173,Beauty,346.3,1,2024-09
2024-09-21 12:35:18.918918920,160,Home Decor,44.12,1,2024-09
2024-09-21 21:21:26.486486484,173,Electronics,95.69,5,2024-09
2024-09-22 06:07:34.054054052,61,Accessories,429.31,1,2024-09
2024-09-22 14:53:41.621621620,47,Home Decor,121.32,4,2024-09
2024-09-22 23:39:49.189189188,149,Home Decor,420.15,5,2024-09
2024-09-23 08:25:56.756756756,80,Electronics,146.85,3,2024-09
2024-09-23 17:12:04.324324324,118,Fashion,325.01,1,2024-09
2024-09-24 01:58:11.891891892,164,Beauty,350.13,2,2024-09
2024-09-24 10:44:19.459459460,147,Fashion,261.2,1,2024-09
2024-09-24 19:30:27.027027028,20,Accessories,159.6,3,2024-09
2024-09-25 04:16:34.594594592,185,Home Decor,114.2,5,2024-09
2024-09-25 13:02:42.162162160,146,Electronics,26.26,3,2024-09
2024-09-25 21:48:49.729729728,47,Electronics,158.93,2,2024-09
2024-09-26 06:34:57.297297296,49,Beauty,330.05,4,2024-09
2024-09-26 15:21:04.864864864,14,Fashion,469.77,1,2024-09
2024-09-27 00:07:12.432432432,143,Beauty,436.89,5,2024-09
2024-09-27 08:53:20.000000000,159,Home Decor,385.37,4,2024-09
2024-09-27 17:39:27.567567568,1,Beauty,396.34,3,2024-09
2024-09-28 02:25:35.135135136,117,Electronics,335.84,5,2024-09
2024-09-28 11:11:42.702702700,54,Electronics,137.54,4,2024-09
2024-09-28 19:57:50.270270268,118,Accessories,454.53,5,2024-09
2024-09-29 04:43:57.837837836,3,Accessories,338.66,2,2024-09
2024-09-29 13:30:05.405405404,144,Home Decor,284.62,2,2024-09
2024-09-29 22:16:12.972972972,185,Fashion,64.38,1,2024-09
2024-09-30 07:02:20.540540540,12,Beauty,229.06,1,2024-09
2024-09-30 15:48:28.108108108,74,Home Decor,235.58,2,2024-09
2024-10-01 00:34:35.675675676,16,Accessories,433.64,5,2024-10
2024-10-01 09:20:43.243243244,200,Beauty,277.86,2,2024-10
2024-10-01 18:06:50.810810808,102,Accessories,196.4,1,2024-10
2024-10-02 02:52:58.378378376,152,Beauty,488.63,2,2024-10
2024-10-02 11:39:05.945945944,156,Fashion,64.25,2,2024-10
2024-10-02 20:25:13.513513512,117,Home Decor,217.05,5,2024-10
2024-10-03 05:11:21.081081080,8,Beauty,30.59,4,2024-10
2024-10-03 13:57:28.648648648,122,Electronics,372.55,1,2024-10
2024-10-03 22:43:36.216216216,92,Electronics,459.86,5,2024-10
2024-10-04 07:29:43.783783784,164,Beauty,147.22,2,2024-10
2024-10-04 16:15:51.351351352,90,Beauty,430.59,2,2024-10
2024-10-05 01:01:58.918918920,136,Beauty,153.19,4,2024-10
2024-10-05 09:48:06.486486484,186,Electronics,456.28,1,2024-10
2024-10-05 18:34:14.054054052,60,Electronics,379.44,1,2024-10
2024-10-06 03:20:21.621621620,178,Beauty,404.4,3,2024-10
2024-10-06 12:06:29.189189188,28,Accessories,18.82,1,2024-10
2024-10-06 20:52:36.756756756,101,Accessories,481.78,4,2024-10
2024-10-07 05:38:44.324324324,41,Fashion,366.07,3,2024-10
2024-10-07 14:24:51.891891892,192,Home Decor,159.33,3,2024-10
2024-10-07 23:10:59.459459460,155,Accessories,416.4,2,2024-10
2024-10-08 07:57:07.027027028,191,Electronics,147.95,2,2024-10
2024-10-08 16:43:14.594594592,145,Accessories,437.65,1,2024-10
2024-10-09 01:29:22.162162160,161,Fashion,65.16,3,2024-10
2024-10-09 10:15:29.729729728,157,Fashion,354.81,2,2024-10
2024-10-09 19:01:37.297297296,141,Home Decor,274.94,4,2024-10
2024-10-10 03:47:44.864864864,46,Accessories,57.3,2,2024-10
2024-10-10 12:33:52.432432432,35,Electronics,128.53,2,2024-10
2024-10-10 21:20:00.000000000,134,Electronics,16.08,3,2024-10
2024-10-11 06:06:07.567567568,82,Beauty,239.7,3,2024-10
2024-10-11 14:52:15.135135136,115,Electronics,157.62,5,2024-10
2024-10-11 23:38:22.702702700,197,Home Decor,303.2,4,2024-10
2024-10-12 08:24:30.270270268,47,Home Decor,155.65,3,2024-10
2024-10-12 17:10:37.837837836,153,Electronics,156.96,1,2024-10
2024-10-13 01:56:45.405405404,194,Electronics,374.16,4,2024-10
2024-10-13 10:42:52.972972972,10,Beauty,33.59,4,2024-10
2024-10-13 19:29:00.540540540,56,Electronics,452.42,3,2024-10
2024-10-14 04:15:08.108108108,30,Beauty,427.61,4,2024-10
2024-10-14 13:01:15.675675676,109,Beauty,337.22,3,2024-10
2024-10-14 21:47:23.243243244,5,Electronics,300.68,2,2024-10
2024-10-15 06:33:30.810810808,119,Fashion,447.23,5,2024-10
2024-10-15 15:19:38.378378376,33,Fashion,100.81,2,2024-10
2024-10-16 00:05:45.945945944,118,Beauty,48.69,3,2024-10
2024-10-16 08:51:53.513513512,65,Electronics,127.36,3,2024-10
2024-10-16 17:38:01.081081080,146,Fashion,399.34,2,2024-10
2024-10-17 02:24:08.648648648,177,Electronics,26.99,1,2024-10
2024-10-17 11:10:16.216216216,11,Electronics,295.58,1,2024-10
2024-10-17 19:56:23.783783784,85,Electronics,497.76,1,2024-10
2024-10-18 04:42:31.351351352,26,Accessories,429.29,3,2024-10
2024-10-18 13:28:38.918918916,63,Electronics,265.51,4,2024-10
2024-10-18 22:14:46.486486484,86,Accessories,41.18,3,2024-10
2024-10-19 07:00:54.054054052,59,Beauty,417.37,4,2024-10
2024-10-19 15:47:01.621621620,27,Fashion,303.5,2,2024-10
2024-10-20 00:33:09.189189188,177,Fashion,66.32,5,2024-10
2024-10-20 09:19:16.756756756,161,Fashion,55.99,4,2024-10
2024-10-20 18:05:24.324324324,98,Fashion,455.72,1,2024-10
2024-10-21 02:51:31.891891892,105,Fashion,337.91,3,2024-10
2024-10-21 11:37:39.459459460,99,Fashion,416.35,2,2024-10
2024-10-21 20:23:47.027027028,129,Fashion,440.7,1,2024-10
2024-10-22 05:09:54.594594592,149,Beauty,290.17,2,2024-10
2024-10-22 13:56:02.162162160,55,Electronics,263.55,5,2024-10
2024-10-22 22:42:09.729729728,6,Home Decor,220.91,3,2024-10
2024-10-23 07:28:17.297297296,197,Accessories,165.3,3,2024-10
2024-10-23 16:14:24.864864864,95,Home Decor,222.95,5,2024-10
2024-10-24 01:00:32.432432432,133,Home Decor,389.2,3,2024-10
2024-10-24 09:46:40.000000000,102,Electronics,304.94,4,2024-10
2024-10-24 18:32:47.567567568,3,Electronics,447.34,2,2024-10
2024-10-25 03:18:55.135135136,181,Electronics,227.26,1,2024-10
2024-10-25 12:05:02.702702700,23,Fashion,307.47,5,2024-10
2024-10-25 20:51:10.270270268,53,Beauty,319.34,4,2024-10
2024-10-26 05:37:17.837837836,165,Fashion,299.93,1,2024-10
2024-10-26 14:23:25.405405404,83,Beauty,354.29,1,2024-10
2024-10-26 23:09:32.972972972,145,Beauty,126.34,5,2024-10
2024-10-27 07:55:40.540540540,85,Home Decor,261.06,4,2024-10
2024-10-27 16:41:48.108108108,78,Home Decor,61.07,1,2024-10
2024-10-28 01:27:55.675675676,110,Beauty,198.41,1,2024-10
2024-10-28 10:14:03.243243244,1,Beauty,248.96,4,2024-10
2024-10-28 19:00:10.810810808,51,Fashion,329.59,3,2024-10
2024-10-29 03:46:18.378378376,173,Fashion,475.76,1,2024-10
2024-10-29 12:32:25.945945944,4,Home Decor,304.32,2,2024-10
2024-10-29 21:18:33.513513512,190,Electronics,374.36,4,2024-10
2024-10-30 06:04:41.081081080,193,Beauty,258.07,1,2024-10
2024-10-30 14:50:48.648648648,113,Fashion,320.71,5,2024-10
2024-10-30 23:36:56.216216216,32,Home Decor,44.76,2,2024-10
2024-10-31 08:23:03.783783784,34,Fashion,134.65,1,2024-10
2024-10-31 17:09:11.351351352,92,Beauty,187.31,2,2024-10
2024-11-01 01:55:18.918918916,95,Beauty,241.52,2,2024-11
2024-11-01 10:41:26.486486484,72,Accessories,32.37,3,2024-11
2024-11-01 19:27:34.054054052,39,Electronics,78.61,2,2024-11
2024-11-02 04:13:41.621621620,154,Accessories,145.64,3,2024-11
2024-11-02 12:59:49.189189188,162,Home Decor,486.05,4,2024-11
2024-11-02 21:45:56.756756756,182,Fashion,172.36,3,2024-11
2024-11-03 06:32:04.324324324,118,Home Decor,246.2,5,2024-11
2024-11-03 15:18:11.891891892,3,Beauty,106.09,1,2024-11
2024-11-04 00:04:19.459459460,123,Accessories,309.28,4,2024-11
2024-11-04 08:50:27.027027028,50,Accessories,147.53,4,2024-11
2024-11-04 17:36:34.594594592,12,Accessories,111.43,5,2024-11
2024-11-05 02:22:42.162162160,193,Home Decor,263.12,3,2024-11
2024-11-05 11:08:49.729729728,54,Beauty,12.7,1,2024-11
2024-11-05 19:54:57.297297296,133,Fashion,13.76,3,2024-11
2024-11-06 04:41:04.864864864,57,Fashion,117.34,2,2024-11
2024-11-06 13:27:12.432432432,145,Home Decor,27.99,3,2024-11
2024-11-06 22:13:20.000000000,112,Accessories,62.93,4,2024-11
2024-11-07 06:59:27.567567568,47,Electronics,176.04,1,2024-11
2024-11-07 15:45:35.135135136,151,Home Decor,403.27,3,2024-11
2024-11-08 00:31:42.702702700,85,Home Decor,290.3,1,2024-11
2024-11-08 09:17:50.270270268,142,Beauty,261.21,1,2024-11
2024-11-08 18:03:57.837837836,66,Fashion,153.81,2,2024-11
2024-11-09 02:50:05.405405404,75,Home Decor,466.56,2,2024-11
2024-11-09 11:36:12.972972972,179,Home Decor,204.54,4,2024-11
2024-11-09 20:22:20.540540540,103,Accessories,52.68,5,2024-11
2024-11-10 05:08:28.108108108,166,Accessories,312.36,1,2024-11
2024-11-10 13:54:35.675675676,192,Electronics,65.78,5,2024-11
2024-11-10 22:40:43.243243244,38,Beauty,179.16,4,2024-11
2024-11-11 07:26:50.810810808,50,Electronics,258.63,1,2024-11
2024-11-11 16:12:58.378378376,98,Accessories,438.37,1,2024-11
2024-11-12 00:59:05.945945944,82,Fashion,251.84,5,2024-11
2024-11-12 09:45:13.513513512,30,Accessories,354.11,3,2024-11
2024-11-12 18:31:21.081081080,79,Beauty,496.48,2,2024-11
2024-11-13 03:17:28.648648648,91,Accessories,74.43,3,2024-11
2024-11-13 12:03:36.216216216,179,Beauty,144.62,5,2024-11
2024-11-13 20:49:43.783783784,191,Beauty,203.34,2,2024-11
2024-11-14 05:35:51.351351352,52,Beauty,216.7,3,2024-11
2024-11-14 14:21:58.918918916,166,Beauty,211.4,2,2024-11
2024-11-14 23:08:06.486486484,79,Beauty,454.73,1,2024-11
2024-11-15 07:54:14.054054052,30,Fashion,359.88,3,2024-11
2024-11-15 16:40:21.621621620,106,Electronics,307.87,2,2024-11
2024-11-16 01:26:29.189189188,51,Home Decor,161.59,2,2024-11
2024-11-16 10:12:36.756756756,81,Electronics,413.66,2,2024-11
2024-11-16 18:58:44.324324324,133,Beauty,477.98,3,2024-11
2024-11-17 03:44:51.891891892,29,Fashion,412.39,4,2024-11
2024-11-17 12:30:59.459459460,132,Accessories,10.77,3,2024-11
2024-11-17 21:17:07.027027028,138,Fashion,321.84,5,2024-11
2024-11-18 06:03:14.594594592,184,Beauty,35.06,3,2024-11
2024-11-18 14:49:22.162162160,145,Fashion,136.23,2,2024-11
2024-11-18 23:35:29.729729728,74,Fashion,39.17,1,2024-11
2024-11-19 08:21:37.297297296,17,Beauty,305.86,3,2024-11
2024-11-19 17:07:44.864864864,84,Fashion,346.43,3,2024-11
2024-11-20 01:53:52.432432432,69,Home Decor,66.1,2,2024-11
2024-11-20 10:40:00.000000000,34,Home Decor,198.08,1,2024-11
2024-11-20 19:26:07.567567568,6,Fashion,233.56,1,2024-11
2024-11-21 04:12:15.135135136,53,Accessories,190.84,5,2024-11
2024-11-21 12:58:22.702702700,194,Beauty,69.3,3,2024-11
2024-11-21 21:44:30.270270268,126,Home Decor,215.28,1,2024-11
2024-11-22 06:30:37.837837836,43,Accessories,378.08,1,2024-11
2024-11-22 15:16:45.405405404,115,Fashion,44.79,4,2024-11
2024-11-23 00:02:52.972972972,111,Accessories,49.29,4,2024-11
2024-11-23 08:49:00.540540540,151,Electronics,183.84,1,2024-11
2024-11-23 17:35:08.108108108,183,Home Decor,471.45,5,2024-11
2024-11-24 02:21:15.675675676,80,Fashion,337.6,1,2024-11
2024-11-24 11:07:23.243243244,95,Beauty,342.55,2,2024-11
2024-11-24 19:53:30.810810808,118,Fashion,187.34,3,2024-11
2024-11-25 04:39:38.378378376,144,Beauty,300.89,5,2024-11
2024-11-25 13:25:45.945945944,8,Fashion,14.96,2,2024-11
2024-11-25 22:11:53.513513512,132,Accessories,321.69,5,2024-11
2024-11-26 06:58:01.081081080,104,Accessories,457.51,2,2024-11
2024-11-26 15:44:08.648648648,132,Accessories,310.16,3,2024-11
2024-11-27 00:30:16.216216216,184,Electronics,438.11,3,2024-11
2024-11-27 09:16:23.783783784,25,Beauty,364.75,4,2024-11
2024-11-27 18:02:31.351351352,195,Accessories,69.07,2,2024-11
2024-11-28 02:48:38.918918916,96,Electronics,452.2,4,2024-11
2024-11-28 11:34:46.486486484,195,Beauty,42.56,2,2024-11
2024-11-28 20:20:54.054054052,155,Fashion,271.64,4,2024-11
2024-11-29 05:07:01.621621620,93,Electronics,79.65,3,2024-11
2024-11-29 13:53:09.189189188,160,Home Decor,15.74,5,2024-11
2024-11-29 22:39:16.756756756,178,Electronics,216.8,4,2024-11
2024-11-30 07:25:24.324324324,61,Electronics,154.57,2,2024-11
2024-11-30 16:11:31.891891892,122,Beauty,248.14,2,2024-11
2024-12-01 00:57:39.459459460,51,Fashion,292.83,3,2024-12
2024-12-01 09:43:47.027027024,147,Home Decor,31.43,2,2024-12
2024-12-01 18:29:54.594594592,21,Accessories,70.27,1,2024-12
2024-12-02 03:16:02.162162160,5,Accessories,283.73,5,2024-12
2024-12-02 12:02:09.729729728,92,Electronics,178.15,4,2024-12
2024-12-02 20:48:17.297297296,170,Beauty,367.3,5,2024-12
2024-12-03 05:34:24.864864864,61,Beauty,329.62,3,2024-12
2024-12-03 14:20:32.432432432,22,Accessories,424.35,4,2024-12
2024-12-03 23:06:40.000000000,149,Home Decor,349.32,4,2024-12
2024-12-04 07:52:47.567567568,70,Fashion,220.67,1,2024-12
2024-12-04 16:38:55.135135136,1,Home Decor,339.75,3,2024-12
2024-12-05 01:25:02.702702700,133,Fashion,144.94,2,2024-12
2024-12-05 10:11:10.270270268,12,Accessories,160.09,1,2024-12
2024-12-05 18:57:17.837837836,90,Fashion,396.6,1,2024-12
2024-12-06 03:43:25.405405404,46,Beauty,228.75,5,2024-12
2024-12-06 12:29:32.972972972,34,Electronics,401.21,5,2024-12
2024-12-06 21:15:40.540540540,177,Electronics,412.99,5,2024-12
2024-12-07 06:01:48.108108108,78,Accessories,430.21,1,2024-12
2024-12-07 14:47:55.675675676,45,Beauty,459.15,2,2024-12
2024-12-07 23:34:03.243243244,155,Home Decor,221.18,4,2024-12
2024-12-08 08:20:10.810810808,73,Beauty,166.24,5,2024-12
2024-12-08 17:06:18.378378376,26,Electronics,295.28,2,2024-12
2024-12-09 01:52:25.945945944,47,Electronics,191.87,3,2024-12
2024-12-09 10:38:33.513513512,121,Beauty,304.53,5,2024-12
2024-12-09 19:24:41.081081080,56,Beauty,355.74,4,2024-12
2024-12-10 04:10:48.648648648,94,Electronics,347.32,3,2024-12
2024-12-10 12:56:56.216216216,107,Home Decor,193.53,3,2024-12
2024-12-10 21:43:03.783783784,63,Accessories,91.76,4,2024-12
2024-12-11 06:29:11.351351352,48,Accessories,220.96,5,2024-12
2024-12-11 15:15:18.918918916,61,Beauty,79.87,1,2024-12
2024-12-12 00:01:26.486486484,81,Accessories,446.15,4,2024-12
2024-12-12 08:47:34.054054052,26,Electronics,179.48,4,2024-12
2024-12-12 17:33:41.621621620,36,Electronics,85.69,4,2024-12
2024-12-13 02:19:49.189189188,1,Beauty,22.47,3,2024-12
2024-12-13 11:05:56.756756756,8,Beauty,326.45,2,2024-12
2024-12-13 19:52:04.324324324,113,Beauty,322.08,1,2024-12
2024-12-14 04:38:11.891891892,99,Home Decor,176.9,5,2024-12
2024-12-14 13:24:19.459459460,180,Accessories,45.14,5,2024-12
2024-12-14 22:10:27.027027024,47,Beauty,210.72,2,2024-12
2024-12-15 06:56:34.594594592,127,Fashion,162.5,4,2024-12
2024-12-15 15:42:42.162162160,56,Fashion,341.79,1,2024-12
2024-12-16 00:28:49.729729728,14,Electronics,306.83,5,2024-12
2024-12-16 09:14:57.297297296,28,Accessories,188.65,5,2024-12
2024-12-16 18:01:04.864864864,78,Beauty,116.77,4,2024-12
2024-12-17 02:47:12.432432432,130,Fashion,494.14,2,2024-12
2024-12-17 11:33:20.000000000,109,Accessories,232.46,1,2024-12
2024-12-17 20:19:27.567567568,154,Electronics,347.25,2,2024-12
2024-12-18 05:05:35.135135136,14,Home Decor,78.87,2,2024-12
2024-12-18 13:51:42.702702700,187,Accessories,247.94,1,2024-12
2024-12-18 22:37:50.270270268,56,Accessories,23.49,1,2024-12
2024-12-19 07:23:57.837837836,115,Home Decor,257.67,5,2024-12
2024-12-19 16:10:05.405405404,7,Accessories,482.37,5,2024-12
2024-12-20 00:56:12.972972972,3,Electronics,198.26,1,2024-12
2024-12-20 09:42:20.540540540,111,Electronics,29.11,3,2024-12
2024-12-20 18:28:28.108108108,151,Home Decor,25.17,5,2024-12
2024-12-21 03:14:35.675675676,107,Beauty,200.11,3,2024-12
2024-12-21 12:00:43.243243244,18,Fashion,88.41,1,2024-12
2024-12-21 20:46:50.810810808,38,Beauty,21.44,5,2024-12
2024-12-22 05:32:58.378378376,115,Accessories,380.54,2,2024-12
2024-12-22 14:19:05.945945944,15,Fashion,234.68,1,2024-12
2024-12-22 23:05:13.513513512,192,Home Decor,151.73,4,2024-12
2024-12-23 07:51:21.081081080,119,Home Decor,451.04,3,2024-12
2024-12-23 16:37:28.648648648,28,Fashion,66.91,1,2024-12
2024-12-24 01:23:36.216216216,39,Electronics,478.4,1,2024-12
2024-12-24 10:09:43.783783784,185,Fashion,163.84,5,2024-12
2024-12-24 18:55:51.351351352,17,Accessories,445.32,5,2024-12
2024-12-25 03:41:58.918918916,86,Electronics,305.44,5,2024-12
2024-12-25 12:28:06.486486484,126,Home Decor,415.09,4,2024-12
2024-12-25 21:14:14.054054052,44,Fashion,492.17,5,2024-12
2024-12-26 06:00:21.621621620,25,Beauty,151.32,1,2024-12
2024-12-26 14:46:29.189189188,145,Beauty,480.96,5,2024-12
2024-12-26 23:32:36.756756756,13,Accessories,200.85,2,2024-12
2024-12-27 08:18:44.324324324,25,Beauty,198.9,5,2024-12
2024-12-27 17:04:51.891891892,68,Fashion,176.79,4,2024-12
2024-12-28 01:50:59.459459460,138,Fashion,275.29,2,2024-12
2024-12-28 10:37:07.027027024,67,Beauty,85.53,1,2024-12
2024-12-28 19:23:14.594594592,109,Fashion,281.32,1,2024-12
2024-12-29 04:09:22.162162160,146,Accessories,275.44,3,2024-12
2024-12-29 12:55:29.729729728,111,Electronics,383.33,2,2024-12
2024-12-29 21:41:37.297297296,111,Accessories,418.49,3,2024-12
2024-12-30 06:27:44.864864864,34,Accessories,225.82,2,2024-12
2024-12-30 15:13:52.432432432,111,Fashion,158.14,2,2024-12
2024-12-31 00:00:00.000000000,8,Electronics,137.07,4,2024-12
